,title,score,id,url,comms_num,created,body
0,"Wie ich in einem Jahr mehr als 50 % gemacht habe, obwohl ich echt die dÃ¼mmste Bewohnerin der Mauerstrasse bin: Eine Mutmachergeschichte, fÃ¼r alle, bei denen es dieses Jahr nicht so gut lief.",736,rh5xyz,https://www.reddit.com/r/mauerstrassenwetten/comments/rh5xyz/wie_ich_in_einem_jahr_mehr_als_50_gemacht_habe/,139,1639593345.0,"Liebe Nachbarn und Nachbarinnen in der Mauerstrasse,

bis zu meinem 52. Lebensjahr (ja, es gibt echt so alte Leute hier) hatte ich weder Geld zum Investieren an der BÃ¶rse, noch wÃ¤re ich bereit gewesen, meine sauerverdienten Spargroschen wie ein Grosskapitalist vermehren zu wollen. 

Aktien? Teufelszeug! Ausbeutung! Leistungsloses Einkommen! Pfui Deibel. ğŸ¤®

Das einzige, in das ich als Alleinerziehende einen Arsch voll Geld investiert habe, das war die Ausbildung meiner beiden MÃ¤dels. DafÃ¼r haben sie mir einen Platz in einem schicken Altersheim mit See- oder Flussblick versprochen, nebst knackigem Personal-Pfleger. ğŸ‘©â€ğŸ¦¼ğŸ•ºğŸ»Ein guter Deal, wie ich finde. 

NatÃ¼rlich ist mir klar, dass das ein hochriskantes GeschÃ¤ft ist, wer weiss, ob sich die Plagen dereinst an das GeschÃ¤ft erinnern werden. Vielleicht werde ich ja dement und ich vergesse am Ende selbst, dass ich doch eigentlich auf Kosten meiner Kinder meinen Lebensabend in der Luxusdependance mit Hummer und Champagner verbringen sollte, wÃ¤hrend ich in Wirklichkeit in einem Stift fÃ¼r alte Damen lande, wo ich mich mich Ã¼ber Haferschleimsuppe und Klatschkreise bei Schlagermusik jubeln sÃ¤he  - obwohl ich doch schon mein ganzes Leben lang Metal-Fan bin. 

Just also, als ich beginne, mir Ã¼ber Rente usw. Gedanken zu machen, stolpere ich Ã¼ber Berichte zur verbotenen Aktie. 

Was ich da lese, erfreut mein Herz, das bei mir selbst dann links schlagen wÃ¼rde, wenn es rechts sÃ¤sse. 

Eine Horde Kleinanleger zockte demnach die Finanzhaie ab, schlÃ¤gt das System mit seinen Waffen. Jaja, die Zeitungen schreiben viel, wenn der Tag lang ist, vor allem Mist. Aber systemkritische Revolution und gleichzeitig auf Kosten der Reichen auch reich werden, ha!, die Idee gefiel mir, auch wenn sie zu schÃ¶n klang, um von mir tatsÃ¤chlich geglaubt zu werden. 

Vielmehr wurde mir einfach klar, dass ich etwas fÃ¼r meine Altersvorsorge tun musste und dass es an der Zeit wÃ¤re, den Tatsachen ins Auge zu sehen: In meinem Alter wird man nicht mehr von MillionÃ¤ren geheiratet, Lotto spielen wird auch nix bringen, es bleibt nur der Kapitalismus. 

Flugs erÃ¶ffnete ich ein Depot in der Handelsrepublik und verlor erst mal, ganz so, wie es sich gehÃ¶rt, reichlich Geld mit Aktien, weil ich natÃ¼rlich alle AnfÃ¤ngerfehler mitnahm, die man machen konnte. 
Zu hoch rein, PanikverkÃ¤ufe, die ganze Klaviatur des Versagens. 

Ehrlich gesagt, da packte mich die Wut auf meine eigene DÃ¤mlichkeit und ich mich selbst bei der Ehre. 

Ich erinnerte mich an die Artikel Ã¼ber die Kleinanlegerrevolution, da stand irgendwas von so einer Art Insider-Forum namens â€Redditâ€œ. Dazu muss man wissen: Ich bin weder bei Insta, auch nicht bei Facebook und wenn ich TikTok hÃ¶re, dann denke ich, es klopft jemand an die TÃ¼r. Ich erstellte mir dennoch einen Account und fand mich als u/silvaggia unter anderem bei r/finanzen wieder. Du liebe GÃ¼te,  das war nicht meine Welt. Ich wollte ganz sicher nicht trockene Spaghetti futtern, um drei Tage frÃ¼her in Rente gehen zu dÃ¼rfen. 

So fÃ¼hrte mich der Weg schnurstraks in die Mauerstrasse. 

Nachdem ich mich bei der Umfrage, in der wir gemeinsam und vor allem hÃ¶chst freiwillig u/ifaqyurmama zum beliebtesten Mod kÃ¼rten, als wohl Ã¤lteste Bewohnerin der Mauerstrasse geoutet hatte, wurde mir das Flair â€MSW-Omiâ€œ  verliehen. Und ich kann sagen, ich trug es mit Stolz! 

Ich hebelte, was das Zeug hielt, verlor, gewann - wie es sich fÃ¼r eine ordentliche Mauerstrassenwettlerin gehÃ¶rt. Ich freute mich Ã¼ber den regen Austausch im Daily, Ã¼ber lustige Maimas und vor allem darÃ¼ber: Niemand nahm scheinbar Anstoss daran, dass ich tatsÃ¤chlich noch viel Ã¤lter als der Ritter war. 

Bis zu dem Tag, an dem in einem Daily jemand die Frage stellte, wer wohl der dÃ¼mmste User hier im Unter sei. Neugierig, wie alte Frauen halt so sind, klickte ich auf die Verlinkung - und landete auf meinem eigenen Profil. 

Schockstarre. ğŸ˜±Ich hatte mich sauwohl hier gefÃ¼hlt. Dass ich, die in ihrer analogen Welt als durchaus belesen und halbwegs intelligent gilt, auf die junge Generation ganz offensichtlich - siehe Verlinkung - dumm wirkte, das hatte mich tatsÃ¤chlich getroffen. Und das fanden wohl auch andere, der Beitrag wurde reichlich gelikt. Dumme alte Gans, scholt ich mich, das kommt davon, wenn man einfach nicht einsehen mag, dass man alt und peinlich wird. Ich weinte ein paar TrÃ¤nen in mein Kopfkissen und lÃ¶schte meinen Account. Ende 1. Akt.

2. Akt
Nach einiger Zeit in der ich nur heimlich hier rumluscherte, entschloss ich mich, mich neu anzumelden. Gesagt, getan. Just zu dieser Zeit ergab es sich, das wieder die Frage nach dem dÃ¼mmsten User gestellt wurde. Da ich das ja nicht mehr sein konnte, mein alter Account war ja gelÃ¶scht, klickte ich extrem gespannt auf die Verlinkung, um zu schauen, wer denn nun meine Nachfolge angetreten habe. 

Und ich landete, Ihr werdet es ahnen, wieder auf meinem Profil. 

Es dauerte einen Moment, bis ich begriff: Der Link fÃ¼hrte ausnahmslos jeden auf das jeweils eigene Profil. ğŸ˜µâ€ğŸ’«ğŸ¤¯ğŸ™ˆ

Ja, da war er, der ultimative Beweis: Ich war wirklich mit Abstand der dÃ¼mmste User bzw die dÃ¼mmste Userin dieses Unters. 

ğŸ˜¹ğŸ˜¹ğŸ˜¹ğŸ˜¹ğŸ˜¹ğŸ˜¹ğŸ˜¹

Ich will nun diese Feststellung dazu nutzen, all jenen, die hier in der letzten Zeit Verluste gemacht und viel Geld verloren haben, sagen: Schaut her: Egal wie dumm Ihr Euch deswegen fÃ¼hlt, verliert nicht den Mut. Wenn die dÃ¼mmste Userin des Unters es schafft, bummelig 50% 

https://imgur.com/a/SmN0G4f

in knapp einem Jahr zu machen, dann schafft Ihr das auch. 

Fragt mich bitte nicht nach meiner Stategie. Ich habâ€˜ keine. WÃ¤re ich weniger dumm gewesen, dann kÃ¶nnten da auch 100% stehen, denn ich habe tatsÃ¤chlich auch viel Geld verloren mit Puts und Calls auf Biontech und auf den Nasdaq oder zB, weil ich so doof war, gÃ¼nstig gekaufte Aktien aus dem Bereich Psychedelic Drugs, auf den ich z. B. langfristig wirklich grosse Hoffnung setze, Ã¼ber den IPO hinaus zu halten, statt die fetten Gewinne mitzunehmen und spÃ¤ter wieder einzusteigen.

Aus jedem Fehltrade habe ich allerdings gelernt und letztlich hat sich das ausgezahlt - >50% EOY. Ich habe Ende letzter Woche weitgehend ausgecasht und warte jetzt mit Euch auf den Weltuntergang. Je nachdem, was der Opa von drÃ¼ben postuliert, steige ich langsam wieder ein. 

Dass ich doch noch ganz gut performt habe, verdanke ich auch Euch, liebe Nachbarn und Nachbarinnen hier aus der Mauerstrasse, Eurem Wissen, ja, auch Euren Fehlern. Und das weiss ich zu schÃ¤tzen. Ihr seid eine tolle Truppe! Deshalb mÃ¶chte ich auch hier um Entschuldigung bitten, geglaubt zu haben, ich sei hier altersbedingt nicht gelitten. Das war wirklich saudummst. 

Und wenn es nicht ganz so unverschÃ¤mt wirkt, dann hÃ¤tte ich gerne mein Flair als MSW-Omi zurÃ¼ck, u/ifaqyurmama. 

Danke vorab, auch im Namen meiner Eltern. ğŸ™

ğŸ‘µ

zlâ€˜ng: Je oller, je doller!"
